{
  "learning_rate": 1e-05,
  "batch_size": 16,
  "epochs": 3,
  "dropout": 0.1,
  "acc": 0.8633142085723928,
  "f1": 0.7739955357142857
}